Sample,Poly-A,PFPK2,TAA81,ARA2,TAA87,TA40,TA42,2490,TA1,TAA60,TAA109,Pfg377,AMA1 Sequenced,MSP1 Sequenced,MSP2 Sequenced,CSP Fullgene Sequenced,Additional Notes 
3D7,151,172,122,73,100,217,201,84,186,87,174,98,,,,,Reference Strain
K1,151,172,119,79,124,214,246,87,189,75,174,98,Yes,Yes,Yes,Yes,
K2-1,175,166,131,73,109,214,186,78,180,84,165,101,Yes,Yes,Yes,Yes,
K2-2,172,175,125,73,115,214,192,87,189,90,174,101,Yes,Yes,Yes,Yes,
K2-3,145,169,131,73,109,217,192,87,189,90,174,101,Yes,Yes,,Yes,
K2-7,172,175,131,73,109,217,186,87,162,75,153,101,Yes,Yes,Yes,Yes,
K2-13,145,169,125,73,115,214,192,87,189,75,174,101,Yes,,Yes,Yes,
K2-21,172,175,131,73,109,214,186,87,180,90,165,104,Yes,Yes,Yes,Yes,
K3,163,172,131,64,103,217,189,87,162,75,165,101,Yes,Yes,Yes,Yes,
K4-1,169,166,128,70,97,214,243,87,174,87,177,98,Yes,Yes,Yes,Yes,
K4-7,148,166,116,73,97,232,243,84,174,75,177,98,Yes,Yes,Yes,Yes,
K6,154,190,125,73,106,214,186,87,177,78,165,101,Yes,Yes,Yes,Yes,
K7,154,166,119,73,115,199,186,87,171,90,162,101,Yes,Yes,Yes,Yes,
K8,157,166,119,67,106,217,186,87,162,84,186,98,Yes,Yes,Yes,,Contained minor clone population
K8-1,157,166,119,67,106,217,186,87,162,84,186,98,,,,,
K8-2,166,178,125,67,103,199,186,84,183,87,165,101,,,,,
K8-3,157,166,119,67,106,217,186,87,162,84,186,98,Yes,,,Yes,
K8-4,166,166,125,67,103,217,186,87,162,84,186,98,,,,,
K8-5,157,166,119,67,106,217,186,87,162,84,186,98,,,,,
K8-6,157,166,119,67,106,RERUN,186,87,162,84,186,98,,,,,
K9,157,166,119,70,106,214,186,84,183,87,165,101,Yes,Yes,Yes,Yes,Not Approved
K10,POLYCLONAL,,,,,,,,,,,,,,,,Not Approved
K11,POLYCLONAL,,,,,,,,,,,,,,,,Not Approved
K12,POLYCLONAL,,,,,,,,,,,,,,,,
K12-1,175,166,146,82,106,220,201,87,186,72,162,98,Yes,,,Yes,
K12-2,175,166,146,82,106,220,201,87,186,84,177,101,Yes,,,Yes,
K12-3,175,166,146,82,106,220,201,87,186,84,177,101,Yes,,,Yes,
K12-4,175,166,146,82,106,220,201,87,186,84,177,101,Yes,,,Yes,
K12-5,175,166,119,82,106,220,201,87,186,84,177,101,Yes,,,Yes,
K12-6,175,166,119,82,106,220,201,87,186,84,177,101,Yes,,,Yes,
K12-7,175,166,119,82,106,220,201,87,186,84,177,101,,,,,
K12-8,175,166,119,82,106,220,201,87,186,84,177,101,Yes,,,Yes,
K12-9,175,166,119,82,106,217,201,87,186,84,177,101,Yes,,,Yes,
K13,POLYCLONAL,,,,,,,,,,,,,,,,
K13-1,157,166,128,85,109,217,201,87,162,75,162,101,Yes,,,Yes,
K13-2,157,166,128,73,103,214,201,87,162,84,153,101,Yes,,,Yes,
K13-3,163,166,134,82,103,214,186,87,162,84,153,101,Yes,,,Yes,
K13-4,157,166,122,85,109,217,201,87,162,75,162,101,Yes,,,Yes,
K13-5,157,166,128,73,103,214,201,87,162,84,153,101,Yes,,,Yes,
K13-6,157,166,128,73,103,214,201,87,162,84,153,101,Yes,,,Yes,
K13-7,157,172,128,85,109,217,201,87,180,84,162,101,Yes,,,Yes,
K14 (Original vial),148,166,122,76,109,214,186,87,183,75,177,101,Yes,Yes,Yes,Yes,
K14-1 (Cloned),148,166,122,76,109,214,186,87,183,75,177,101,Yes,,,Yes,
K16,POLYCLONAL,,,,,,,,,,,,,,,,Not Approved
K17,POLYCLONAL,,,,,,,,,,,,,,,,
K17-1 ,POLYCLONAL,,,,,,,,,,,,,,,,POLYCLONAL (2 POPULATIONS)
K17-2,157,166,119,70,109,RERUN,186,84,162,84,162,98,Yes,,,Yes,
K17-3,157,163,128,79,106,187,186,90,162,87,174,104,Yes,,,Yes,
K17-4,157,166,119,70,109,RERUN,186,84,162,84,162,98,Yes,,,Yes,
K17-5,157,184,119,79,109,220,186,90,162,84,162,98,Yes,,,Yes,
K17-6,157,184,119,79,109,220,186,90,162,84,162,98,Yes,,,Yes,
K18,POLYCLONAL,,,,,,,,,,,,,,,,Not Approved
K20,163,175,131,73,109,235,186,90,189,75,186,101,,,,,
,,166,125,,,,,84,,,,,,,,,
K21,148,151,119,70,103,217,186,87,174,75,144,92,,,,,
,166,163,122,73,,229,,90,180,78,177,,,,,,
K22,172,169,125,70,100,211,186,87,174,87,165,101,Yes,,,Yes,
K23,151,181,119,79,109,214,186,84,174,75,165,95,,,,,
,157,,,,112,,,90,,84,,,,,,,
K24,169,166,122,73,106,208,186,87,195,75,186,101,Yes,,,Yes,
K25,169,166,119,70,106,217,252,87,171,87,162,101,,,,,
,172,,,82,103,,216,78,192,,168,104,,,,,
,181,,,,97,,186,,,,,,,,,,
K26,142,181,119,70,106,217,186,84,195,75,201,101,,,,,
,160,166,,,97,,,,174,90,177,104,,,,,
,,,,,,,,,,,189,,,,,,
K28,151,172,122,79,103,196,186,87,174,78,177,95,Yes,,,Yes,
K29,148,175,122,70,100,235,186,87,171,90,165,101,,,,,
,,166,128,,,,201,,186,,177,,,,,,
K30,160,166,119,67,100,220,186,87,174,93,186,104,Yes,,,,Minor clonal population
,148,,,,,,,,,,,,,,,,
K31,169,172,128,85,106,199,186,78,186,90,165,101,Yes,,,Yes,
K32,169,175,125,70,112,211,186,90,168,87,162,101,,,,,
K33,160,166,119,79,112,199,201,87,165,75,153,101,,,,,
,166,172,128,,,,189,,,84,162,,,,,,
,,,,,,,186,,,,,,,,,,
K34,163,169,128,70,124,196,201,87,174,84,201,98,,,,,
K35,151,169,128,70,103,226,186,87,201,84,174,101,,,,,
K36,154,166,122,70,100,217,186,87,171,87,174,98,,,,,
K37,172,166,122,88,112,187,186,87,165,75,165,101,,,,,
K39,133,166,119,64,97,193,186,87,165,78,168,98,,,,,Not Approved
,169,169,131,73,100,,,,,84,174,101,,,,,
,184,190,,85,118,,,,,,,,,,,,
,,,,,,,,,,,,,,,,,
C1,154,166,125,70,112,202,186,78,144,84,162,98,,,,,Low DNA
C2,148,178,125,76,106,202,186,84,174,84,162,98,Yes,Yes,,Yes,Low DNA
C4 ,148,178,131,76,121,202,186,78,174,84,162,98,Yes,,,Yes,Not Approved
C5 ,148,178,125,76,106,202,186,84,174,84,162,98,Yes,,,Yes,
,,,,,,,,,144,,,,,,,,
C6,148,178,131,76,121,211,186,84,174,84,162,98,Yes,,,Yes,
,,,,,,,,,144,,,,,,,,
C7,148,178,125,76,106,202,186,84,174,84,162,98,,,,Yes,
,,,,,,,,,144,,,,,,,,
C8,148,178,125,70,100,199,186,84,174,84,162,98,Yes,,,,Not Approved
C9,154,178,125,76,100,199,186,84,174,84,162,98,Yes,,,Yes,Not Approved
C10,154,166,125,64,121,211,186,78,174,84,162,98,,,,,Low DNA
C14,148,178,125,76,100,199,186,84,174,84,162,98,,,,,
,154,,,,,,,,144,,,,,,,,
C15,154,178,125,76,100,199,186,84,174,84,162,98,,,,,
,,,,,,,,,144,,,,,,,,
C16,154,178,125,76,100,199,186,84,174,84,162,98,,,,,
,,,,,,,,,144,,,,,,,,
C18,148,178,119,76,103,202,186,84,174,84,162,98,,,,,
,,,,,,,,,144,,,,,,,,
C19,148,178,125,76,106,202,186,84,174,84,162,98,,,,,
,,,,,,,,,144,,,,,,,,
C20,148,178,125,79,103,211,186,84,174,84,162,98,,,,,
,,,,,,,,,144,,,,,,,,
C21,148,178,131,76,103,202,186,78,174,84,162,98,Yes,,,Yes,
,,,,,,,,,144,,,,,,,,
C22,148,178,125,76,106,202,186,84,174,84,162,98,Yes,,,Yes,
C23,148,178,125,76,103,211,186,78,174,90,162,98,,,,,Low DNA
C24,148,178,125,76,103,211,186,78,174,90,162,98,,,,,
,,,,,,,,,144,,,,,,,,
C26,148,178,119,76,112,202,186,78,174,84,162,98,Yes,,,,
C28,148,178,125,76,103,211,186,78,174,90,162,98,Yes,,,,
C29,148,178,125,76,103,211,186,78,174,84,162,98,,,,,
,,,,,,,,,144,,,,,,,,
C30,148,178,125,76,121,202,186,84,174,84,162,98,,,,,
C31,148,178,125,76,103,211,186,78,174,90,162,98,Yes,,,,
C32,154,166,125,64,121,202,186,84,144,84,162,98,,,,Yes,Not Approved
C33,154,166,125,64,121,202,186,84,174,84,162,98,Yes,Yes,Yes,Yes,Not Approved
C36,148,178,131,76,121,202,186,84,174,84,162,98,,,,,
C39,148,178,119,76,112,202,186,78,174,84,162,98,,,,,
,,,122,,,,,,144,,,,,,,,
C41,148,178,125,76,103,202,186,78,144,84,162,98,,,,,
C42,148,166,125,70,103,202,186,84,174,84,162,98,Yes,Yes,Yes,Yes,Discarded due to contamination
C48,148,178,125,76,103,211,186,78,174,90,162,98,,,,,
C56,148,178,125,76,106,202,186,84,174,84,162,98,,,,,
C57,148,178,125,76,103,211,186,78,174,90,162,98,Yes,,,,
C58,148,166,131,76,103,202,186,78,174,84,162,98,Yes,,,,
C60,154,166,125,64,121,202,186,84,174,84,162,98,Yes,Yes,Yes,Yes,
C61,148,178,125,76,103,211,186,78,174,90,162,98,Yes,Yes,,Yes,
C62 ,148,178,119,76,106,202,186,84,174,84,162,98,,,,,
,,,125,,,,,,,,,,,,,,
C77,148,178,119,76,121,202,186,84,174,84,162,98,,,,,Not Approved
,,,,,,,,,144,,,,,,,,
C78,148,178,119,76,121,202,186,84,174,84,162,98,,,,,Not Approved
,,,,,,,,,144,,,,,,,,
,,,,,,,,,,,,,,,,,
T1,151,163,125,73,112,184,186,87,174,90,162,101,Yes,Yes,Yes,Yes,
T2,151,163,125,73,112,184,186,87,174,90,162,101,Yes,Yes,Yes,Yes,
T2-1,151,163,125,73,112,184,186,87,174,90,162,101,,,,,
T2-2,151,163,125,73,112,184,186,87,174,90,162,101,,,,,
T2-3,151,163,125,73,112,184,186,87,174,90,162,101,,,,,
T2-4,151,163,125,73,112,184,186,87,174,90,162,101,,,,,
T2-5,151,163,125,73,112,184,186,87,174,90,162,101,,,,,
T2-6,151,163,125,73,112,184,186,87,174,90,162,101,,,,,
T3,175,163,131,73,106,196,186,87,168,87,162,101,Yes,Yes,,Yes,
T4,175,163,131,73,106,196,186,87,168,87,162,101,Yes,Yes,Yes - low quality,Yes,
T4-1,175,163,131,73,106,196,186,87,168,87,162,101,,,,,
T6,151,163,125,73,112,184,186,87,174,90,162,101,Yes,Yes,,Yes,"Discarded, but can keep data"
,,,,,,,,,,,,,,,,,
G4,166,169,122,70,115,214,186,87,174,84,177,101,Yes,,,Yes,
G7,163,178,119,73,103,217,186,84,177,78,174,98,,,,,
G9,142,166,122,79,109,217,186,87,165,75,150,95,,,,,Not Approved
,166,187,125,67,94,220,201,,177,81,177,98,,,,,
G10,148,163,128,94,100,223,186,78,147,84,165,98,,,,,Not Approved
,,178,,79,,,,84,168,,180,,,,,,
G12,154,169,116,70,115,214,186,87,168,75,177,98,Yes,,,Yes,Not Approved
G15,163,169,122,76,97,217,186,87,168,75,177,98,Yes,,,Yes,Not Approved
G16,166,166,134,82,100,226,186,90,180,78,174,98,Yes,,,Yes,
G17,166,166,134,82,100,226,186,90,180,78,174,98,Yes,,,Yes,
G18,151,169,128,64,112,RERUN,186,87,174,84,165,101,,,,,
,163,,,,,,,,,,,,,,,,
G19,157,172,119,70,106,217,201,87,177,84,162,98,,,,,
,166,,,73,,,,,,,,,,,,,
G21,160,169,122,70,100,211,186,87,171,78,177,95,Yes,,,Yes,
G23,160,190,122,73,103,193,186,84,174,81,183,101,Yes,,,Yes,
G24,175,163,125,64,103,226,201,87,174,84,156,104,,,,,
,169,,122,70,,214,,78,168,78,165,101,,,,,
,,,,,,,,,,,,95,,,,,
G27,142,172,122,79,118,220,186,84,174,84,177,98,Yes,,,Yes,
G30,145,175,125,73,100,199,186,87,171,84,162,101,,,,,
,151,166,131,79,,220,201,90,189,,177,,,,,,
,154,,,70,,,,,,,,,,,,,
G51,163,169,119,70,103,238,192,87,171,75,165,101,Yes,,,Yes,
G52,151,172,125,67,112,226,186,84,177,75,162,98,,,,,
,,,,,106,,,,,,,,,,,,
G57,148,169,122,70,118,220,192,84,180,75,165,101,,,,,
,,,131,,,,201,87,174,78,,,,,,,
G58,166,172,128,73,109,217,186,87,174,78,225,98,Yes,,,Yes,
G59,154,160,122,73,109,214,186,87,174,75,165,98,,,,,
,,166,,,,,,,,,,,,,,,
G60,160,169,128,76,103,217,186,84,171,84,162,101,,,,,
,166,178,,88,112,,,87,168,90,174,,,,,,
G61,139,169,125,76,100,217,186,84,177,99,165,101,Yes,,,Yes,
G67,154,163,119,73,103,202,186,84,162,75,177,104,Yes,,,Yes,
G70,148,166,119,70,106,205,186,87,171,78,177,98,,,,,
,,178,128,,,217,,,183,,,,,,,,
G72,163,172,116,70,106,232,201,87,180,75,207,98,Yes,,,Yes,
G79,148,166,128,67,100,211,186,84,171,75,174,101,,,,,
,,,125,,118,,,,,,,,,,,,
G81,145,166,119,70,103,193,189,87,168,75,177,98,,,,,
,,,,73,,,,,,81,,104,,,,,
G84,151,166,128,70,115,RERUN,186,78,171,84,177,98,,,,,
,,175,131,76,109,,201,87,174,,174,101,,,,,
,,,,,,,,,177,,165,,,,,,
G86,151,175,119,70,103,RERUN,186,84,162,75,177,95,,,,,
,,178,131,73,,,,,174,87,201,98,,,,,
,,,,,,,,,,,174,,,,,,
G139,145,193,131,70,100,232,186,84,165,87,153,101,Yes,,,Yes,
G144,154,166,122,73,100,214,186,84,168,78,174,101,Yes,,,,
G146,151,190,119,73,106,217,186,87,183,84,222,101,,,,,
,,,122,,,,,,,,,,,,,,
G149,142,172,113,70,109,214,186,87,168,90,177,101,Yes,,,,
G307,169,169,125,73,115,217,201,87,168,78,183,98,Yes,,,,
GM001,175,175,122,70,100,193,186,84,165,84,174,98,Yes,,,,
G154,,,,,,,,,,,,,,,,,low DNA conc
G155,163,169,125,70,103,214,186,84,171,93,177,101,,,,,
G156,148,169,116,70,91,211,216,87,168,87,177,101,,,,,
G250,175,163,116,85,112,214,186,84,162,75,174,98,,,,,
G253,175,169,125,73,103,235,186,87,177,87,174,95,,,,,
G256,,,,,,,,,,,,,,,,,Low DNA conc
G257,172,190,119,73,109,226,186,87,180,84,177,104,,,,,
,154,166,,,,,,,,,165,,,,,,
G258,160,178,125,70,100,217,186,87,165,96,174,101,,,,,Low DNA conc
G262,RERUN,RERUN,RERUN,67,97,220,186,93,162,75,165,101,,,,,
,,,,76,106,,,,,,174,104,,,,,
G263,,,,,,,,,,,,,,,,,Low DNA conc
G264,151,178,131,76,106,214,186,87,174,75,165,101,,,,,minor clonal population
,,163,,64,115,,,,,,,,,,,,
G265,RERUN,RERUN,RERUN,70,97,217,186,87,168,78,162,101,,,,,
G266,RERUN,RERUN,RERUN,76,115,196,186,87,162,84,174,98,,,,,
FVO(NIH),151,166,119,70,109,196,186,84,165,87,162,101,,,,,
NF54,150,169,123,82,103,217,200,83,187,84,174,100,,,,,
7G8,181,175,119,67,115,202,201,84,174,75,165,98,,,,,
Dd2,193,163,125,76,112,211,186,87,168,87,162,101,,,,,